,accuracy,precision,recall,f1
Categorical Tuned XGBoost Ensemble,0.8380209733799409,0.8654585862039491,0.8756378102568537,0.8705184420944029
