accuracy,precision,recall,f1
0.8393439096531325,0.8692059947566502,0.8724669038394754,0.8708279331678488
