accuracy,precision,recall,f1
0.6207098682441516,0.6207098682441516,1.0,0.7659728374661132
