accuracy,precision,recall,f1
0.6218338262973918,0.6218338262973918,1.0,0.7668280389946283
