category,accuracy
Art,0.8159980188211986
Comics,0.8724331051649036
Crafts,0.7825332562174667
Dance,0.722735674676525
Design,0.7995
Fashion,0.8326295585412667
Film & Video,0.8511642542479547
Food,0.826311263972485
Games,0.8803215242631736
Journalism,0.8207253886010363
Music,0.8433903576982893
None,0.9583333333333334
Photography,0.7896360271437385
Publishing,0.810515873015873
Technology,0.8488177692858849
Theater,0.7286606523247745
