accuracy,precision,recall,f1
0.8397472438827641,0.8681801753129677,0.8746328826209272,0.8713904231011144
