,accuracy,precision,recall,f1
Tuned XGBoost,0.8397687550416779,0.8670201393936803,0.8768053273371962,0.8718852793842582
